1Lorem ipsum dolor sit amet,2 consectetur adipiscing elit.
3Vivamus nec,4 est non lacus feugiat, 5aliquet sit amet blandit leo.
6Vestibulum scelerisque odio eget nisi rhoncus, 7ac scelerisque lacus pellentesque.
8Aenean scelerisque arcu vel ornare luctus.

9Donec placerat enim id nibh dictum condimentum.
10Ut quis nisi ultrices,11cursus elit non, 12vehicula ex.
13Suspendisse blandit felis sit amet mauris mattis,14 at accumsan justo lacinia.
15Integer iaculis lectus et magna tempus,16 ac tempor justo feugiat.
17Phasellus maximus lectus a neque tempor gravida.

18Quisque iaculis libero ut pulvinar ornare.
19Integer euismod, 20 massa a leo tincidunt, 21a pretium purus convallis.
Ut ut ante| ut metus maximus molestie| ac quis arcu.
Pellentesque |sed tortor in quam vestibulum posuere.

Vestibulum mattis ante sed sagittis ullamcorper.
Duis ornare |lectus ut placerat malesuada.
Pellentesque at est sit amet diam faucibus tincidunt.

Praesent sit amet nibh suscipit, sagittis risus a, ultrices ante.
Integer interdum mi sit amet dictum tempus.
Aenean congue lectus nec nulla faucibus, at pulvinar neque scelerisque.
Sed at ex in lacus mattis aliquam.
Mauris congue sapien non tempus malesuada.