1 Lorem ipsum dolor sit amet,2 consectetur adipiscing elit.
3 Vivamus nec,4 est non lacus feugiat, 5 aliquet sit amet blandit leo.
6 Vestibulum scelerisque odio eget nisi rhoncus, 7 ac scelerisque lacus pellentesque.
8 Aenean scelerisque arcu vel ornare luctus.

9 Donec placerat enim id nibh dictum condimentum.
10 Ut quis nisi ultrices,11 cursus elit non, 12 vehicula ex.
13 Suspendisse blandit felis sit amet mauris mattis,14 at accumsan justo lacinia.
15 Integer iaculis lectus et magna tempus,16 ac tempor justo feugiat.
17 Phasellus maximus lectus a neque tempor gravida.

18 Quisque iaculis libero ut pulvinar ornare.
19 Integer euismod, 20 massa a leo tincidunt, 21 a pretium purus convallis.
22 Ut ut ante ut metus maximus molestie ac quis arcu.
23 Pellentesque sed tortor in quam vestibulum posuere.

24 Vestibulum mattis ante sed,25 sagittis ullamcorper.
26 Duis ornare lectus ut placerat malesuada.
27 Pellentesque at est sit amet diam faucibus tincidunt.

28 Praesent sit amet nibh suscipit, sagittis risus a,29 ultrices ante.
30 Integer interdum mi sit amet dictum tempus.
31 Aenean congue lectus nec nulla faucibus,32 at pulvinar neque scelerisque.
33 Sed at ex in lacus mattis aliquam.
34 Mauris congue sapien non tempus malesuada.
35 Ut quis nisi ultrices, 36 lectus ut placerat malesuada